{"stats":{"minecraft:dropped":{"alexsmobs:animal_dictionary":1},"minecraft:custom":{"minecraft:time_since_rest":2734,"minecraft:play_time":12211,"minecraft:sprint_one_cm":902,"minecraft:deaths":1,"minecraft:damage_taken":514,"minecraft:walk_one_cm":26600,"minecraft:drop":1,"minecraft:jump":65,"minecraft:damage_dealt":10,"minecraft:leave_game":3,"minecraft:time_since_death":2702,"minecraft:total_world_time":12211,"minecraft:interact_with_crafting_table":2,"minecraft:fall_one_cm":4358,"minecraft:fly_one_cm":1431},"minecraft:mined":{"minecraft:granite":1,"minecraft:coal_ore":16,"minecraft:iron_ore":5,"minecraft:spruce_leaves":1,"minecraft:spruce_log":24,"minecraft:stone":4},"minecraft:crafted":{"minecraft:crafting_table":2,"minecraft:spruce_planks":52,"minecraft:stick":4,"minecraft:stone_pickaxe":1,"minecraft:wooden_pickaxe":1},"minecraft:picked_up":{"minecraft:raw_iron":5,"minecraft:bone":1,"minecraft:granite":1,"minecraft:spruce_log":21,"minecraft:coal":16,"minecraft:dirt":1,"alexsmobs:animal_dictionary":1,"minecraft:cobblestone":5},"minecraft:used":{"minecraft:crafting_table":2,"minecraft:stone_pickaxe":23,"minecraft:wooden_pickaxe":4,"minecraft:spruce_log":7}},"DataVersion":3465}