{"stats":{"minecraft:killed_by":{"minecraft:player":2,"minecraft:zombie":2},"minecraft:picked_up":{"sophisticatedbackpacks:gold_backpack":2,"minecraft:cocoa_beans":18,"farmersdelight:cabbage_rolls":1,"minecraft:crafting_table":13,"minecraft:chicken":6,"biomesoplenty:dead_boat":1,"minecraft:lead":1,"minecraft:wooden_pickaxe":1,"minecraft:cooked_rabbit":2,"biomesoplenty:jacaranda_sapling":10,"minecraft:brewing_stand":1,"farmersdelight:cutting_board":2,"minecraft:string":7,"minecraft:raw_copper":41,"alexsmobs:ancient_dart":1,"minecraft:wooden_sword":1,"biomesoplenty:tall_lavender":6,"minecraft:beetroot":3,"minecraft:sea_pickle":2,"minecraft:cobbled_deepslate":1,"farmersdelight:cabbage":8,"minecraft:beef":32,"minecraft:wooden_shovel":1,"minecraft:poppy":1,"minecraft:iron_pickaxe":2,"minecraft:melon_slice":51,"biomesoplenty:wildflower":1,"minecraft:chest":2,"farmersdelight:cabbage_seeds":19,"minecraft:furnace":6,"minecraft:stick":20,"minecraft:raw_iron":26,"artifacts:charm_of_sinking":2,"minecraft:copper_ingot":3,"minecraft:torch":12,"minecraft:porkchop":11,"farmersdelight:tomato_seeds":4,"minecraft:cherry_log":22,"minecraft:redstone":22,"alexsmobs:centipede_leg":1,"minecraft:stone_sword":1,"minecraft:arrow":7,"minecraft:rotten_flesh":23,"biomesoplenty:jacaranda_log":75,"minecraft:beetroot_seeds":3,"minecraft:peony":13,"biomesoplenty:orange_sandstone":1,"minecraft:hay_block":1,"minecraft:gold_ingot":6,"minecraft:mutton":19,"minecraft:bone_block":22,"biomesoplenty:orange_sand":2,"minecraft:white_wool":10,"minecraft:cobblestone":208,"biomesoplenty:lavender":40,"minecraft:pink_petals":32,"minecraft:feather":6,"farmersdelight:rice":2,"minecraft:andesite":9,"minecraft:leather":21,"biomesoplenty:dead_log":32,"minecraft:tuff":1,"minecraft:oak_log":23,"minecraft:yellow_bed":3,"minecraft:gunpowder":3,"farmersdelight:tomato":16,"minecraft:dirt":81,"minecraft:cooked_mutton":1,"minecraft:bone":10,"farmersdelight:iron_knife":1,"minecraft:wheat_seeds":5,"minecraft:raw_gold":1,"minecraft:rabbit_hide":4,"minecraft:iron_ingot":33,"minecraft:rabbit":1,"biomesoplenty:toadstool":1,"minecraft:quartz":4,"minecraft:gravel":17,"biomesoplenty:dead_planks":15,"minecraft:white_bed":8,"minecraft:spruce_log":3,"minecraft:dark_oak_log":6,"minecraft:spider_eye":3,"farmersdelight:cabbage_leaf":2,"alexsmobs:animal_dictionary":1,"minecraft:granite":7,"minecraft:cherry_sapling":17,"minecraft:netherrack":21,"minecraft:black_wool":2,"minecraft:coal":165},"minecraft:mined":{"minecraft:tuff":1,"minecraft:white_bed":10,"minecraft:cherry_log":23,"minecraft:dark_oak_log":1,"minecraft:brewing_stand":1,"biomesoplenty:dead_leaves":5,"minecraft:granite":8,"biomesoplenty:bush":1,"minecraft:grass_block":33,"biomesoplenty:jacaranda_sapling":3,"biomesoplenty:dune_grass":3,"biomesoplenty:jacaranda_log":83,"minecraft:furnace":6,"biomesoplenty:toadstool":1,"minecraft:iron_ore":9,"minecraft:fire":6,"biomesoplenty:lavender":2,"minecraft:andesite":2,"minecraft:deepslate_lapis_ore":2,"minecraft:peony":12,"minecraft:deepslate_iron_ore":11,"minecraft:stone":171,"minecraft:bone_block":22,"minecraft:podzol":3,"biomesoplenty:jacaranda_leaves":26,"minecraft:deepslate_redstone_ore":5,"biomesoplenty:orange_sand":2,"minecraft:crafting_table":10,"minecraft:torch":6,"minecraft:poppy":5,"minecraft:melon":10,"minecraft:chest":1,"minecraft:rose_bush":1,"farmersdelight:cabbages":9,"minecraft:nether_quartz_ore":4,"minecraft:copper_ore":10,"minecraft:cobblestone":5,"biomesoplenty:sprout":3,"minecraft:wall_torch":5,"minecraft:spruce_log":3,"minecraft:yellow_bed":2,"minecraft:grass":35,"biomesoplenty:dead_log":31,"minecraft:coal_ore":124,"minecraft:oak_log":19,"minecraft:cocoa":3,"minecraft:beetroots":1,"minecraft:cherry_leaves":11,"minecraft:gravel":2,"minecraft:dirt":23,"biomesoplenty:dead_planks":5,"minecraft:netherrack":25,"minecraft:oak_leaves":18},"minecraft:broken":{"minecraft:stone_sword":1,"minecraft:stone_pickaxe":1,"minecraft:wooden_sword":1,"minecraft:iron_pickaxe":1,"minecraft:wooden_axe":2},"minecraft:custom":{"minecraft:mob_kills":70,"minecraft:interact_with_crafting_table":54,"minecraft:open_barrel":3,"minecraft:leave_game":7,"minecraft:time_since_death":146606,"minecraft:climb_one_cm":1780,"minecraft:sprint_one_cm":559137,"minecraft:walk_one_cm":1183967,"minecraft:drop":110,"minecraft:play_time":379373,"minecraft:deaths":6,"minecraft:sneak_time":408,"minecraft:walk_under_water_one_cm":5358,"minecraft:boat_one_cm":214312,"minecraft:interact_with_brewingstand":1,"minecraft:jump":3607,"minecraft:interact_with_blast_furnace":5,"minecraft:walk_on_water_one_cm":12569,"minecraft:total_world_time":379373,"minecraft:interact_with_furnace":70,"minecraft:sleep_in_bed":21,"minecraft:time_since_rest":5256,"minecraft:damage_taken":3682,"minecraft:damage_dealt":8598,"minecraft:player_kills":1,"minecraft:fly_one_cm":415437,"minecraft:open_chest":73,"minecraft:crouch_one_cm":695,"minecraft:fall_one_cm":99463},"minecraft:dropped":{"farmersdelight:tomato_seeds":4,"minecraft:iron_ingot":3,"farmersdelight:iron_knife":1,"biomesoplenty:dead_planks":15,"minecraft:wheat_seeds":3,"minecraft:crafting_table":1,"farmersdelight:cabbage_leaf":2,"minecraft:lead":1,"biomesoplenty:lavender":1,"minecraft:cobblestone":19,"minecraft:leather":13,"minecraft:coal":36,"biomesoplenty:jacaranda_log":64,"sophisticatedbackpacks:gold_backpack":2,"farmersdelight:cabbage_rolls":1,"minecraft:dirt":3,"biomesoplenty:orange_sand":2,"minecraft:dark_oak_log":3,"minecraft:brewing_stand":1,"minecraft:torch":1,"minecraft:wooden_axe":1,"minecraft:wooden_sword":1,"minecraft:bone_meal":11,"minecraft:bone_block":22,"minecraft:iron_pickaxe":2,"minecraft:string":1,"minecraft:gravel":10,"biomesoplenty:toadstool":1,"alexsmobs:centipede_leg":2,"minecraft:cooked_chicken":4,"minecraft:stone_sword":1,"alexsmobs:animal_dictionary":1,"minecraft:cobbled_deepslate":1,"minecraft:cocoa_beans":9,"minecraft:pink_dye":1,"minecraft:tuff":1,"farmersdelight:cabbage_seeds":1,"minecraft:rotten_flesh":20,"minecraft:cooked_mutton":1,"biomesoplenty:dead_boat":1,"minecraft:rabbit_hide":3,"farmersdelight:cutting_board":1,"minecraft:sea_pickle":1,"alexsmobs:cockroach_wing_fragment":1,"minecraft:beetroot_seeds":1,"biomesoplenty:wildflower":1,"minecraft:spider_eye":1,"minecraft:arrow":6,"minecraft:stone_pickaxe":1,"minecraft:cooked_rabbit":1,"farmersdelight:tomato":1,"biomesoplenty:tall_lavender":1,"minecraft:black_wool":2},"minecraft:killed":{"minecraft:spider":1,"minecraft:skeleton":3,"minecraft:horse":4,"minecraft:chicken":7,"minecraft:pig":7,"minecraft:rabbit":1,"minecraft:creeper":1,"minecraft:sheep":13,"minecraft:zombie":15,"alexsmobs:fly":1,"minecraft:cow":15},"minecraft:used":{"minecraft:stone_sword":147,"minecraft:flint_and_steel":8,"farmersdelight:cabbage_seeds":12,"minecraft:chest":5,"minecraft:iron_sword":44,"minecraft:cooked_chicken":2,"minecraft:wooden_shovel":13,"minecraft:torch":56,"minecraft:dirt":73,"biomesoplenty:dead_boat":2,"minecraft:wooden_axe":84,"minecraft:iron_axe":162,"biomesoplenty:jacaranda_log":6,"biomesoplenty:jacaranda_sapling":10,"farmersdelight:cutting_board":1,"minecraft:furnace":6,"minecraft:beetroot_seeds":1,"biomesoplenty:dead_log":11,"minecraft:cooked_mutton":16,"minecraft:stone_pickaxe":171,"minecraft:wooden_pickaxe":23,"minecraft:crafting_table":14,"biomesoplenty:dead_planks":27,"minecraft:white_bed":10,"minecraft:bread":6,"minecraft:melon_slice":15,"minecraft:iron_pickaxe":249,"minecraft:gravel":4,"minecraft:wooden_sword":137,"minecraft:cobblestone":48,"minecraft:cooked_porkchop":6,"minecraft:cooked_rabbit":2,"minecraft:yellow_bed":3,"alexsmobs:animal_dictionary":2,"minecraft:sea_pickle":1,"minecraft:bone_meal":19},"minecraft:crafted":{"minecraft:cherry_planks":12,"minecraft:wooden_sword":2,"minecraft:oak_planks":12,"minecraft:cooked_chicken":6,"minecraft:furnace":1,"minecraft:bone_meal":30,"minecraft:pink_dye":2,"minecraft:cooked_mutton":17,"farmersdelight:cabbage_rolls":1,"minecraft:iron_axe":1,"minecraft:stone_pickaxe":2,"minecraft:chest":4,"minecraft:oak_button":1,"minecraft:cooked_rabbit":1,"sophisticatedbackpacks:iron_backpack":1,"minecraft:cooked_beef":9,"biomesoplenty:dead_planks":82,"sophisticatedbackpacks:backpack":1,"biomesoplenty:jacaranda_planks":20,"minecraft:cooked_porkchop":7,"minecraft:crafting_table":3,"minecraft:spruce_planks":8,"minecraft:wooden_pickaxe":2,"minecraft:iron_sword":1,"minecraft:copper_ingot":4,"sophisticatedbackpacks:gold_backpack":2,"biomesoplenty:dead_boat":3,"minecraft:stick":40,"minecraft:iron_pickaxe":2,"minecraft:iron_ingot":19,"minecraft:wooden_axe":3,"minecraft:stone_sword":1,"minecraft:gold_ingot":1,"minecraft:white_bed":2,"minecraft:torch":74}},"DataVersion":3465}