{"stats":{"minecraft:killed":{"alexsmobs:raccoon":1,"minecraft:pillager":11,"minecraft:zombie":3,"alexsmobs:fly":1},"minecraft:crafted":{"minecraft:crafting_table":2,"minecraft:spruce_planks":56,"minecraft:wooden_pickaxe":1,"minecraft:furnace":1,"minecraft:stone_axe":1,"minecraft:bread":3,"minecraft:air":0,"minecraft:shield":1,"minecraft:stick":12,"minecraft:iron_ingot":10,"minecraft:stone_pickaxe":1,"minecraft:stone_sword":1,"minecraft:torch":20},"minecraft:custom":{"minecraft:interact_with_furnace":7,"minecraft:mob_kills":17,"minecraft:interact_with_crafting_table":16,"minecraft:open_barrel":3,"minecraft:leave_game":1,"minecraft:time_since_death":37091,"minecraft:sleep_in_bed":1,"minecraft:climb_one_cm":3622,"minecraft:time_since_rest":14467,"minecraft:sprint_one_cm":87692,"minecraft:damage_absorbed":40,"minecraft:damage_taken":710,"minecraft:walk_one_cm":102962,"minecraft:damage_blocked_by_shield":3210,"minecraft:drop":3,"minecraft:damage_dealt":3154,"minecraft:swim_one_cm":270,"minecraft:talked_to_villager":1,"minecraft:fly_one_cm":131598,"minecraft:open_chest":4,"minecraft:crouch_one_cm":2774,"minecraft:play_time":37091,"minecraft:sneak_time":792,"minecraft:walk_under_water_one_cm":194,"minecraft:jump":584,"minecraft:interact_with_brewingstand":1,"minecraft:walk_on_water_one_cm":368,"minecraft:total_world_time":37091,"minecraft:fall_one_cm":14446},"minecraft:used":{"minecraft:iron_bars":1,"minecraft:stone_sword":67,"minecraft:stone_pickaxe":56,"minecraft:shield":113,"minecraft:spruce_planks":5,"minecraft:wooden_pickaxe":6,"minecraft:rotten_flesh":3,"minecraft:golden_apple":1,"minecraft:dirt":3,"minecraft:crafting_table":6,"minecraft:apple":4,"blue_skies:snowcap_pinhead":2,"minecraft:bread":7,"minecraft:stone_axe":41,"minecraft:cobblestone":8,"minecraft:furnace":1,"minecraft:gray_bed":1,"minecraft:splash_potion":1,"blue_skies:moonstone":1},"minecraft:dropped":{"alexsmobs:animal_dictionary":2,"minecraft:wooden_pickaxe":1},"minecraft:mined":{"blue_skies:moonstone":1,"blue_skies:snowcap_pinhead":2,"minecraft:crafting_table":5,"minecraft:dark_oak_fence":16,"minecraft:grass_block":3,"minecraft:spruce_leaves":3,"minecraft:furnace":1,"minecraft:iron_ore":14,"minecraft:ice":13,"minecraft:gray_bed":1,"minecraft:white_carpet":1,"minecraft:spruce_log":14,"minecraft:grass":2,"minecraft:coal_ore":6,"blue_skies:spider_webbing":1,"minecraft:iron_bars":3,"minecraft:dirt":1,"minecraft:cobweb":1,"minecraft:stone":25},"minecraft:picked_up":{"minecraft:crafting_table":5,"blue_skies:moonstone":1,"minecraft:dirt":4,"minecraft:string":2,"minecraft:white_carpet":1,"minecraft:wheat_seeds":1,"minecraft:spruce_planks":8,"minecraft:iron_ingot":2,"minecraft:gray_bed":1,"minecraft:furnace":1,"blue_skies:snowcap_pinhead":2,"minecraft:raw_iron":16,"minecraft:spruce_log":14,"alexsmobs:animal_dictionary":1,"minecraft:rotten_flesh":3,"alexsmobs:maggot":2,"minecraft:dark_oak_fence":9,"minecraft:iron_bars":3,"minecraft:coal":6,"minecraft:cobblestone":24}},"DataVersion":3465}