{"stats":{"minecraft:dropped":{"alexsmobs:animal_dictionary":4,"minecraft:crossbow":1,"minecraft:wooden_pickaxe":1},"minecraft:custom":{"minecraft:interact_with_furnace":9,"minecraft:mob_kills":20,"minecraft:interact_with_crafting_table":21,"minecraft:open_barrel":3,"minecraft:leave_game":3,"minecraft:time_since_death":2926,"minecraft:sleep_in_bed":1,"minecraft:climb_one_cm":3622,"minecraft:time_since_rest":2952,"minecraft:sprint_one_cm":139789,"minecraft:walk_one_cm":215608,"minecraft:damage_taken":1631,"minecraft:damage_absorbed":40,"minecraft:damage_blocked_by_shield":3210,"minecraft:drop":6,"minecraft:damage_dealt":3669,"minecraft:swim_one_cm":270,"minecraft:talked_to_villager":1,"minecraft:player_kills":1,"minecraft:fly_one_cm":231778,"minecraft:open_chest":4,"minecraft:crouch_one_cm":4796,"minecraft:play_time":65134,"minecraft:deaths":3,"minecraft:sneak_time":1634,"minecraft:walk_under_water_one_cm":522,"minecraft:jump":1185,"minecraft:interact_with_brewingstand":1,"minecraft:walk_on_water_one_cm":1229,"minecraft:total_world_time":65134,"minecraft:fall_one_cm":33302},"minecraft:broken":{"minecraft:wooden_axe":1},"minecraft:mined":{"minecraft:brown_mushroom":1,"blue_skies:moonstone":1,"blue_skies:snowcap_pinhead":2,"minecraft:crafting_table":7,"minecraft:dark_oak_fence":16,"minecraft:grass_block":6,"minecraft:spruce_leaves":7,"minecraft:large_fern":7,"minecraft:furnace":1,"minecraft:iron_ore":14,"minecraft:ice":13,"minecraft:gray_bed":1,"minecraft:white_carpet":1,"minecraft:spruce_log":28,"minecraft:grass":2,"minecraft:oak_log":4,"minecraft:coal_ore":8,"blue_skies:spider_webbing":1,"minecraft:iron_bars":3,"minecraft:dirt":9,"minecraft:cobweb":1,"minecraft:stone":51,"minecraft:fern":1},"minecraft:crafted":{"minecraft:crafting_table":6,"minecraft:spruce_planks":120,"minecraft:wooden_pickaxe":2,"minecraft:furnace":3,"minecraft:stone_axe":1,"minecraft:bread":3,"minecraft:air":0,"minecraft:shield":1,"minecraft:stick":16,"minecraft:iron_ingot":10,"minecraft:stone_pickaxe":2,"minecraft:wooden_axe":1,"minecraft:stone_sword":1,"minecraft:torch":20},"minecraft:picked_up":{"minecraft:crafting_table":7,"minecraft:brown_mushroom":1,"blue_skies:moonstone":1,"minecraft:oak_log":4,"minecraft:string":2,"minecraft:dirt":15,"minecraft:white_banner":1,"minecraft:white_carpet":1,"minecraft:wheat_seeds":1,"minecraft:spruce_planks":8,"minecraft:iron_ingot":2,"minecraft:gray_bed":1,"minecraft:furnace":1,"blue_skies:snowcap_pinhead":2,"minecraft:stick":2,"minecraft:raw_iron":16,"minecraft:spruce_sapling":2,"minecraft:spruce_log":30,"alexsmobs:animal_dictionary":2,"minecraft:rotten_flesh":3,"minecraft:crossbow":1,"alexsmobs:maggot":2,"minecraft:mutton":3,"minecraft:dark_oak_fence":9,"minecraft:coal":8,"minecraft:iron_bars":3,"minecraft:white_wool":2,"minecraft:cobblestone":49},"minecraft:killed":{"alexsmobs:raccoon":1,"minecraft:sheep":2,"minecraft:pillager":12,"minecraft:zombie":3,"alexsmobs:fly":1},"minecraft:used":{"minecraft:iron_bars":1,"minecraft:stone_sword":67,"minecraft:stone_pickaxe":58,"minecraft:wooden_pickaxe":32,"minecraft:spruce_planks":5,"minecraft:shield":113,"minecraft:brown_mushroom":1,"minecraft:rotten_flesh":3,"minecraft:golden_apple":1,"minecraft:dirt":10,"minecraft:crafting_table":11,"minecraft:crossbow":1,"minecraft:wooden_axe":38,"minecraft:apple":4,"blue_skies:snowcap_pinhead":2,"minecraft:bread":7,"minecraft:spruce_sapling":2,"minecraft:stone_axe":41,"minecraft:cobblestone":8,"minecraft:white_banner":1,"minecraft:furnace":3,"minecraft:gray_bed":1,"minecraft:splash_potion":1,"blue_skies:moonstone":1}},"DataVersion":3465}