{"stats":{"minecraft:used":{"minecraft:iron_bars":1,"minecraft:stone_sword":67,"minecraft:stone_pickaxe":56,"minecraft:wooden_pickaxe":21,"minecraft:spruce_planks":5,"minecraft:shield":113,"minecraft:rotten_flesh":3,"minecraft:golden_apple":1,"minecraft:dirt":6,"minecraft:crafting_table":8,"minecraft:wooden_axe":12,"minecraft:apple":4,"blue_skies:snowcap_pinhead":2,"minecraft:bread":7,"minecraft:spruce_sapling":1,"minecraft:stone_axe":41,"minecraft:cobblestone":8,"minecraft:furnace":2,"minecraft:gray_bed":1,"minecraft:splash_potion":1,"blue_skies:moonstone":1},"minecraft:custom":{"minecraft:interact_with_furnace":8,"minecraft:mob_kills":17,"minecraft:interact_with_crafting_table":18,"minecraft:open_barrel":3,"minecraft:leave_game":2,"minecraft:time_since_death":44505,"minecraft:sleep_in_bed":1,"minecraft:climb_one_cm":3622,"minecraft:time_since_rest":21881,"minecraft:sprint_one_cm":110857,"minecraft:walk_one_cm":129379,"minecraft:damage_taken":885,"minecraft:damage_absorbed":40,"minecraft:damage_blocked_by_shield":3210,"minecraft:drop":5,"minecraft:damage_dealt":3247,"minecraft:swim_one_cm":270,"minecraft:talked_to_villager":1,"minecraft:fly_one_cm":165926,"minecraft:open_chest":4,"minecraft:crouch_one_cm":2945,"minecraft:play_time":44505,"minecraft:sneak_time":800,"minecraft:walk_under_water_one_cm":194,"minecraft:jump":764,"minecraft:interact_with_brewingstand":1,"minecraft:walk_on_water_one_cm":368,"minecraft:total_world_time":44505,"minecraft:fall_one_cm":20347},"minecraft:crafted":{"minecraft:crafting_table":3,"minecraft:spruce_planks":80,"minecraft:wooden_pickaxe":2,"minecraft:furnace":2,"minecraft:stone_axe":1,"minecraft:bread":3,"minecraft:air":0,"minecraft:shield":1,"minecraft:stick":16,"minecraft:iron_ingot":10,"minecraft:stone_pickaxe":1,"minecraft:wooden_axe":1,"minecraft:stone_sword":1,"minecraft:torch":20},"minecraft:mined":{"blue_skies:moonstone":1,"blue_skies:snowcap_pinhead":2,"minecraft:crafting_table":6,"minecraft:dark_oak_fence":16,"minecraft:grass_block":6,"minecraft:spruce_leaves":7,"minecraft:furnace":1,"minecraft:iron_ore":14,"minecraft:ice":13,"minecraft:white_carpet":1,"minecraft:gray_bed":1,"minecraft:spruce_log":28,"minecraft:grass":2,"minecraft:coal_ore":6,"blue_skies:spider_webbing":1,"minecraft:iron_bars":3,"minecraft:dirt":8,"minecraft:cobweb":1,"minecraft:stone":40,"minecraft:fern":1},"minecraft:picked_up":{"minecraft:crafting_table":6,"blue_skies:moonstone":1,"minecraft:string":2,"minecraft:dirt":14,"minecraft:white_carpet":1,"minecraft:wheat_seeds":1,"minecraft:spruce_planks":8,"minecraft:iron_ingot":2,"minecraft:gray_bed":1,"minecraft:furnace":1,"blue_skies:snowcap_pinhead":2,"minecraft:raw_iron":16,"minecraft:spruce_sapling":1,"minecraft:spruce_log":28,"alexsmobs:animal_dictionary":2,"minecraft:rotten_flesh":3,"alexsmobs:maggot":2,"minecraft:dark_oak_fence":9,"minecraft:coal":6,"minecraft:iron_bars":3,"minecraft:cobblestone":39},"minecraft:killed":{"alexsmobs:raccoon":1,"minecraft:pillager":11,"minecraft:zombie":3,"alexsmobs:fly":1},"minecraft:dropped":{"alexsmobs:animal_dictionary":4,"minecraft:wooden_pickaxe":1}},"DataVersion":3465}