{"stats":{"minecraft:killed_by":{"minecraft:player":1,"minecraft:skeleton":1,"alexsmobs:grizzly_bear":1},"minecraft:picked_up":{"minecraft:crafting_table":8,"minecraft:andesite":5,"minecraft:dark_oak_boat":3,"minecraft:flint":1,"minecraft:oak_log":48,"minecraft:dirt":259,"alexsmobs:ancient_dart":1,"minecraft:bone":2,"minecraft:wheat_seeds":5,"minecraft:cobbled_deepslate":3,"minecraft:stone_pickaxe":1,"minecraft:cooked_chicken":3,"minecraft:poppy":2,"minecraft:iron_pickaxe":1,"biomesoplenty:wildflower":3,"minecraft:sugar_cane":1,"minecraft:furnace":4,"biomesoplenty:toadstool":1,"minecraft:raw_iron":7,"minecraft:torch":8,"biomesoplenty:dead_planks":77,"minecraft:sand":32,"minecraft:spruce_log":3,"minecraft:dark_oak_log":5,"minecraft:dark_oak_planks":32,"minecraft:stone_axe":2,"minecraft:arrow":9,"minecraft:dispenser":2,"minecraft:rotten_flesh":10,"minecraft:diamond":1,"minecraft:bread":22,"minecraft:gray_wool":1,"minecraft:mutton":7,"minecraft:coal":32,"minecraft:white_wool":4,"minecraft:cobblestone":70},"minecraft:mined":{"biomesoplenty:desert_grass":3,"biomesoplenty:wildflower":1,"minecraft:dark_oak_log":3,"minecraft:crafting_table":8,"minecraft:torch":6,"minecraft:grass_block":258,"minecraft:cobblestone":1,"minecraft:wall_torch":2,"minecraft:furnace":4,"minecraft:iron_ore":2,"minecraft:spruce_log":1,"minecraft:grass":25,"minecraft:oak_log":37,"minecraft:gravel":3,"minecraft:dirt":64,"minecraft:sand":32,"biomesoplenty:dead_planks":13,"minecraft:dispenser":2,"minecraft:stone":68,"minecraft:deepslate":3,"minecraft:oak_leaves":5},"minecraft:broken":{"minecraft:golden_shovel":1,"minecraft:stone_shovel":2,"minecraft:wooden_pickaxe":1},"minecraft:dropped":{"minecraft:stone_axe":1,"minecraft:wheat_seeds":3,"minecraft:stone_sword":1,"minecraft:rotten_flesh":5,"alexsmobs:ancient_dart":1,"minecraft:golden_apple":1,"minecraft:dirt":5,"biomesoplenty:wildflower":1,"minecraft:wooden_shovel":1,"minecraft:stone_pickaxe":1,"minecraft:iron_pickaxe":1,"minecraft:dark_oak_boat":1},"minecraft:custom":{"minecraft:interact_with_furnace":24,"minecraft:mob_kills":8,"minecraft:interact_with_crafting_table":26,"minecraft:leave_game":2,"minecraft:time_since_death":8345,"minecraft:climb_one_cm":219,"minecraft:time_since_rest":8407,"minecraft:sprint_one_cm":90485,"minecraft:damage_taken":1321,"minecraft:walk_one_cm":216228,"minecraft:damage_blocked_by_shield":1550,"minecraft:drop":19,"minecraft:damage_dealt":1759,"minecraft:swim_one_cm":5313,"minecraft:fly_one_cm":95960,"minecraft:open_chest":9,"minecraft:crouch_one_cm":3992,"minecraft:play_time":76788,"minecraft:deaths":3,"minecraft:sneak_time":1247,"minecraft:walk_under_water_one_cm":3458,"minecraft:boat_one_cm":38700,"minecraft:jump":568,"minecraft:walk_on_water_one_cm":3196,"minecraft:total_world_time":76788,"minecraft:fall_one_cm":11887},"minecraft:killed":{"minecraft:sheep":5,"minecraft:zombie":2,"minecraft:enderman":1},"minecraft:crafted":{"minecraft:oak_planks":88,"minecraft:stone_shovel":2,"minecraft:dark_oak_boat":1,"minecraft:crafting_table":1,"minecraft:spruce_planks":12,"farmersdelight:iron_knife":1,"minecraft:iron_sword":1,"minecraft:furnace":1,"minecraft:stone_axe":1,"minecraft:cooked_mutton":2,"minecraft:air":0,"minecraft:charcoal":14,"minecraft:shield":1,"minecraft:stick":60,"minecraft:iron_ingot":7,"minecraft:iron_pickaxe":1,"minecraft:stone_pickaxe":1,"minecraft:stone_sword":1,"minecraft:dark_oak_planks":20,"minecraft:torch":132},"minecraft:used":{"minecraft:cooked_mutton":2,"minecraft:stone_sword":15,"minecraft:stone_shovel":284,"minecraft:dispenser":1,"minecraft:stone_pickaxe":37,"farmersdelight:golden_knife":11,"minecraft:shield":31,"minecraft:wooden_pickaxe":45,"minecraft:iron_sword":24,"minecraft:wooden_shovel":49,"minecraft:rotten_flesh":3,"minecraft:cooked_chicken":2,"minecraft:torch":21,"minecraft:dirt":32,"minecraft:crafting_table":9,"minecraft:golden_shovel":33,"minecraft:stone_axe":62,"minecraft:cobblestone":6,"minecraft:golden_carrot":3,"minecraft:dark_oak_boat":2,"minecraft:furnace":4,"alexsmobs:animal_dictionary":1}},"DataVersion":3465}