{"stats":{"minecraft:custom":{"minecraft:jump":141,"minecraft:time_since_rest":11246,"minecraft:damage_dealt":-45,"minecraft:damage_taken":1211,"minecraft:leave_game":8,"minecraft:play_time":69139,"minecraft:crouch_one_cm":228,"minecraft:time_since_death":10670,"minecraft:sprint_one_cm":8239,"minecraft:walk_one_cm":70899,"minecraft:deaths":2,"minecraft:sneak_time":33,"minecraft:total_world_time":69139,"minecraft:walk_under_water_one_cm":9751,"minecraft:fall_one_cm":6088,"minecraft:fly_one_cm":4884,"minecraft:walk_on_water_one_cm":667},"minecraft:mined":{"minecraft:grass_block":3,"minecraft:spruce_leaves":2},"minecraft:picked_up":{"minecraft:spruce_sapling":1,"minecraft:bone":1,"minecraft:rotten_flesh":1,"minecraft:dirt":1},"minecraft:killed_by":{"minecraft:player":1}},"DataVersion":3465}