{"stats":{"minecraft:used":{"farmersdelight:cabbage_seeds":3,"minecraft:chest":1,"farmersdelight:stove":1,"minecraft:rotten_flesh":2,"minecraft:stone_hoe":18,"minecraft:torch":6,"minecraft:dirt":5,"biomesoplenty:dead_boat":1,"farmersdelight:rope":2,"minecraft:wooden_axe":20,"farmersdelight:oak_cabinet":1,"farmersdelight:tomato":4,"minecraft:iron_axe":10,"farmersdelight:tomato_sauce":1,"minecraft:furnace":2,"minecraft:beetroot_seeds":1,"farmersdelight:tomato_seeds":7,"alexsmobs:cooked_catfish":1,"farmersdelight:skillet":1,"minecraft:stone_pickaxe":124,"minecraft:wooden_pickaxe":40,"biomesoplenty:lavender":30,"minecraft:crafting_table":3,"minecraft:white_bed":1,"minecraft:wooden_hoe":1,"minecraft:iron_pickaxe":188,"minecraft:bread":2,"minecraft:melon_slice":5,"minecraft:gravel":70,"securitycraft:mine":1,"minecraft:wooden_sword":22,"minecraft:cobblestone":10,"minecraft:yellow_bed":3,"alexsmobs:animal_dictionary":3,"minecraft:bone_meal":73},"minecraft:custom":{"minecraft:mob_kills":10,"minecraft:interact_with_crafting_table":64,"minecraft:open_barrel":1,"minecraft:leave_game":9,"minecraft:time_since_death":28419,"minecraft:sprint_one_cm":227761,"minecraft:walk_one_cm":630065,"minecraft:drop":176,"minecraft:play_time":312723,"minecraft:deaths":26,"minecraft:sneak_time":1495,"minecraft:walk_under_water_one_cm":24025,"minecraft:boat_one_cm":52347,"minecraft:jump":2095,"minecraft:interact_with_blast_furnace":1,"minecraft:walk_on_water_one_cm":8814,"minecraft:total_world_time":312723,"minecraft:interact_with_furnace":41,"minecraft:sleep_in_bed":19,"minecraft:time_since_rest":6608,"minecraft:damage_taken":7391,"minecraft:damage_dealt":2104,"minecraft:player_kills":2,"minecraft:swim_one_cm":5256,"minecraft:fly_one_cm":143836,"minecraft:open_chest":32,"minecraft:crouch_one_cm":5517,"minecraft:fall_one_cm":54042},"minecraft:crafted":{"minecraft:brick":30,"minecraft:wooden_sword":1,"minecraft:oak_planks":28,"minecraft:furnace":1,"minecraft:bone_meal":198,"minecraft:oak_trapdoor":2,"sophisticatedbackpacks:copper_backpack":2,"minecraft:iron_axe":1,"minecraft:lime_dye":1,"minecraft:stone_pickaxe":1,"farmersdelight:tomato_sauce":1,"minecraft:chest":1,"alexsmobs:cooked_catfish":1,"biomesoplenty:jacaranda_trapdoor":2,"minecraft:bricks":4,"minecraft:dark_oak_planks":36,"minecraft:stone_hoe":1,"minecraft:lead":3,"sophisticatedbackpacks:iron_backpack":1,"farmersdelight:stove":1,"minecraft:oak_slab":6,"minecraft:wooden_shovel":2,"sophisticatedbackpacks:backpack":1,"biomesoplenty:jacaranda_planks":20,"minecraft:crafting_table":3,"minecraft:spruce_planks":16,"minecraft:wooden_pickaxe":2,"minecraft:bowl":4,"minecraft:copper_ingot":11,"sophisticatedbackpacks:gold_backpack":2,"minecraft:dark_oak_button":1,"minecraft:campfire":1,"minecraft:stone_axe":1,"farmersdelight:skillet":1,"biomesoplenty:jacaranda_slab":6,"minecraft:wooden_hoe":1,"minecraft:charcoal":4,"minecraft:purple_dye":1,"minecraft:stick":44,"minecraft:iron_ingot":10,"minecraft:gold_ingot":12,"farmersdelight:oak_cabinet":1},"minecraft:mined":{"minecraft:white_bed":1,"minecraft:dark_oak_leaves":1,"biomesoplenty:desert_grass":7,"minecraft:dark_oak_log":11,"minecraft:granite":6,"minecraft:grass_block":17,"farmersdelight:tomatoes":2,"minecraft:hay_block":23,"minecraft:tall_seagrass":1,"minecraft:furnace":1,"minecraft:iron_ore":10,"minecraft:fire":1,"biomesoplenty:lavender":3,"minecraft:andesite":2,"minecraft:deepslate_iron_ore":4,"farmersdelight:rope":2,"minecraft:stone":128,"biomesoplenty:wildflower":1,"minecraft:clay":18,"minecraft:torch":3,"minecraft:crafting_table":2,"minecraft:poppy":1,"minecraft:chest":1,"minecraft:copper_ore":4,"minecraft:tall_grass":2,"minecraft:cobblestone":1,"farmersdelight:cabbages":1,"minecraft:deepslate_gold_ore":7,"minecraft:diorite":4,"minecraft:wall_torch":4,"minecraft:seagrass":1,"minecraft:wheat":2,"minecraft:spruce_log":4,"minecraft:yellow_bed":4,"minecraft:grass":50,"minecraft:coal_ore":6,"minecraft:oak_log":7,"minecraft:beetroots":1,"minecraft:sand":11,"minecraft:gravel":128,"minecraft:dirt":27,"minecraft:gold_ore":8,"minecraft:oak_leaves":16,"minecraft:deepslate":3},"minecraft:picked_up":{"sophisticatedbackpacks:gold_backpack":3,"minecraft:cocoa_beans":9,"minecraft:wheat":9,"minecraft:crafting_table":3,"minecraft:chicken":4,"minecraft:clay_ball":64,"biomesoplenty:dead_boat":1,"minecraft:lead":1,"minecraft:wooden_pickaxe":2,"farmersdelight:tomato_sauce":4,"farmersdelight:cutting_board":3,"minecraft:string":7,"minecraft:raw_copper":12,"minecraft:wooden_sword":3,"biomesoplenty:tall_lavender":24,"minecraft:beetroot":1,"minecraft:sea_pickle":1,"minecraft:cobbled_deepslate":3,"farmersdelight:cabbage":1,"minecraft:beef":1,"farmersdelight:straw":15,"minecraft:rose_bush":2,"minecraft:poppy":1,"minecraft:iron_pickaxe":2,"minecraft:melon_slice":5,"biomesoplenty:wildflower":1,"minecraft:chest":1,"farmersdelight:cabbage_seeds":9,"minecraft:furnace":2,"minecraft:raw_iron":15,"minecraft:stick":6,"artifacts:charm_of_sinking":1,"farmersdelight:rotten_tomato":2,"minecraft:torch":10,"minecraft:bowl":1,"biomesoplenty:wilted_lily":6,"farmersdelight:tomato_seeds":13,"minecraft:diorite":4,"minecraft:stone_sword":1,"minecraft:arrow":2,"minecraft:rotten_flesh":6,"biomesoplenty:jacaranda_log":34,"minecraft:beetroot_seeds":10,"minecraft:hay_block":22,"alexsmobs:boiled_emu_egg":1,"farmersdelight:rope":3,"alexsmobs:emu_egg":3,"minecraft:mutton":1,"minecraft:bone_block":22,"biomesoplenty:orange_sand":4,"minecraft:cobblestone":202,"biomesoplenty:lavender":54,"minecraft:feather":7,"minecraft:andesite":3,"minecraft:leather":8,"minecraft:flint":21,"minecraft:oak_log":7,"minecraft:yellow_bed":5,"minecraft:gunpowder":11,"farmersdelight:tomato":13,"minecraft:wooden_hoe":1,"minecraft:lapis_lazuli":16,"minecraft:dirt":72,"minecraft:name_tag":1,"minecraft:bone":7,"farmersdelight:iron_knife":4,"minecraft:wheat_seeds":30,"minecraft:raw_gold":13,"minecraft:rabbit_hide":1,"minecraft:iron_ingot":3,"minecraft:stone_pickaxe":2,"minecraft:rabbit":3,"minecraft:stone_hoe":1,"securitycraft:mine":1,"minecraft:gravel":104,"minecraft:sand":20,"minecraft:white_bed":4,"minecraft:spruce_log":4,"minecraft:dark_oak_log":9,"minecraft:spider_eye":5,"alexsmobs:animal_dictionary":1,"alexsmobs:raw_catfish":1,"minecraft:granite":9,"minecraft:bone_meal":11,"minecraft:bread":2,"minecraft:oak_button":1,"minecraft:melon_seeds":4,"minecraft:coal":16,"minecraft:pink_dye":1,"minecraft:wooden_axe":2},"minecraft:killed_by":{"minecraft:player":13,"minecraft:spider":3,"minecraft:skeleton":3,"minecraft:zombie":2},"minecraft:broken":{"minecraft:wooden_sword":1},"minecraft:killed":{"minecraft:spider":2,"minecraft:horse":2,"minecraft:skeleton":1,"minecraft:chicken":3,"alexsmobs:triops":1,"minecraft:zombie":1},"minecraft:dropped":{"farmersdelight:tomato_seeds":17,"minecraft:iron_ingot":3,"farmersdelight:iron_knife":3,"minecraft:lapis_lazuli":8,"minecraft:crafting_table":2,"biomesoplenty:lavender":50,"alexsmobs:boiled_emu_egg":1,"minecraft:cobblestone":21,"minecraft:feather":2,"minecraft:lead":1,"minecraft:dark_oak_button":1,"minecraft:copper_ingot":3,"minecraft:coal":10,"minecraft:stick":10,"sophisticatedbackpacks:gold_backpack":2,"biomesoplenty:orange_sand":2,"minecraft:torch":1,"minecraft:mutton":1,"minecraft:rose_bush":2,"minecraft:rabbit":3,"artifacts:charm_of_sinking":1,"minecraft:bone_meal":10,"biomesoplenty:wilted_lily":6,"minecraft:sand":10,"minecraft:dark_oak_planks":1,"minecraft:string":5,"minecraft:redstone":2,"minecraft:bone":22,"minecraft:gold_ingot":5,"farmersdelight:rotten_tomato":2,"minecraft:furnace":1,"minecraft:raw_copper":1,"minecraft:cocoa_beans":9,"minecraft:bowl":4,"minecraft:wheat":17,"minecraft:raw_iron":5,"farmersdelight:cabbage_seeds":12,"farmersdelight:cabbage":1,"minecraft:chicken":7,"minecraft:rotten_flesh":2,"farmersdelight:tomato_sauce":7,"minecraft:lime_dye":1,"minecraft:name_tag":3,"biomesoplenty:jacaranda_slab":6,"alexsmobs:emu_egg":1,"minecraft:white_bed":1,"minecraft:poppy":1,"minecraft:rabbit_hide":1,"farmersdelight:cutting_board":3,"minecraft:gunpowder":4,"minecraft:oak_button":1,"minecraft:spruce_planks":2,"minecraft:andesite":2,"minecraft:beetroot_seeds":3,"minecraft:melon_seeds":4,"minecraft:yellow_bed":1,"minecraft:wooden_shovel":1,"farmersdelight:rope":9,"minecraft:spider_eye":2,"minecraft:arrow":4,"minecraft:beef":1,"minecraft:wooden_pickaxe":3,"minecraft:raw_gold":1,"farmersdelight:tomato":1,"biomesoplenty:tall_lavender":24}},"DataVersion":3465}