{"stats":{"minecraft:custom":{"minecraft:jump":55,"minecraft:time_since_rest":40269,"minecraft:damage_dealt":10,"minecraft:damage_taken":335,"minecraft:leave_game":7,"minecraft:play_time":53733,"minecraft:crouch_one_cm":162,"minecraft:time_since_death":39860,"minecraft:sprint_one_cm":2354,"minecraft:walk_one_cm":37564,"minecraft:deaths":1,"minecraft:sneak_time":20,"minecraft:total_world_time":53733,"minecraft:fall_one_cm":1414,"minecraft:fly_one_cm":1259},"minecraft:mined":{"minecraft:grass_block":1},"minecraft:picked_up":{"minecraft:spruce_sapling":1,"minecraft:bone":1}},"DataVersion":3465}