{"stats":{"minecraft:custom":{"minecraft:jump":55,"minecraft:time_since_rest":25105,"minecraft:damage_dealt":10,"minecraft:sprint_one_cm":2354,"minecraft:crouch_one_cm":162,"minecraft:walk_one_cm":37564,"minecraft:leave_game":4,"minecraft:play_time":38569,"minecraft:damage_taken":335,"minecraft:time_since_death":24696,"minecraft:deaths":1,"minecraft:sneak_time":20,"minecraft:total_world_time":38569,"minecraft:fall_one_cm":1414,"minecraft:fly_one_cm":1259},"minecraft:mined":{"minecraft:grass_block":1},"minecraft:picked_up":{"minecraft:spruce_sapling":1,"minecraft:bone":1}},"DataVersion":3465}