{"stats":{"minecraft:dropped":{"minecraft:porkchop":1,"minecraft:bone":3},"minecraft:custom":{"minecraft:time_since_rest":20897,"minecraft:sprint_one_cm":147785,"minecraft:damage_taken":700,"minecraft:walk_one_cm":123670,"minecraft:mob_kills":19,"minecraft:drop":4,"vampirism:interact_with_totem":4,"minecraft:damage_dealt":572,"minecraft:interact_with_crafting_table":1,"minecraft:fly_one_cm":147620,"minecraft:player_kills":1,"minecraft:open_chest":4,"minecraft:crouch_one_cm":507,"minecraft:play_time":49889,"minecraft:deaths":2,"minecraft:sneak_time":397,"minecraft:jump":633,"minecraft:leave_game":3,"minecraft:walk_on_water_one_cm":92,"minecraft:time_since_death":29456,"minecraft:total_world_time":49889,"minecraft:fall_one_cm":8282},"minecraft:mined":{"minecraft:purple_bed":1,"minecraft:brown_mushroom":1,"farmersdelight:organic_compost":9,"minecraft:sweet_berry_bush":2,"biomesoplenty:violet":2,"minecraft:spruce_log":6,"minecraft:powder_snow":9,"minecraft:grass_block":3,"minecraft:poppy":1,"minecraft:dirt":10,"minecraft:spruce_leaves":12,"minecraft:fern":2},"minecraft:crafted":{"minecraft:stick":4,"minecraft:spruce_planks":24,"minecraft:wooden_pickaxe":1},"minecraft:picked_up":{"minecraft:tipped_arrow":1,"minecraft:sweet_berries":32,"minecraft:leather":5,"minecraft:brown_mushroom":1,"biomesoplenty:violet":1,"minecraft:porkchop":3,"minecraft:spruce_sapling":1,"minecraft:spruce_log":7,"minecraft:carrot":1,"minecraft:dirt":48,"farmersdelight:organic_compost":9,"minecraft:arrow":4,"minecraft:bone":8,"minecraft:purple_bed":1,"minecraft:rotten_flesh":12,"minecraft:beef":6,"minecraft:poppy":1,"minecraft:snowball":17},"minecraft:used":{"farmersdelight:organic_compost":4,"minecraft:rotten_flesh":1,"minecraft:dirt":13,"minecraft:beef":2,"minecraft:purple_bed":1,"minecraft:porkchop":2,"minecraft:carrot":2,"alexsmobs:animal_dictionary":1,"minecraft:snowball":17},"minecraft:killed":{"minecraft:skeleton":1,"minecraft:zombie":2,"minecraft:pig":1}},"DataVersion":3465}