{"stats":{"minecraft:custom":{"minecraft:interact_with_crafting_table":42,"minecraft:open_barrel":3,"minecraft:leave_game":12,"minecraft:time_since_death":42563,"minecraft:sprint_one_cm":837919,"minecraft:drop":213,"minecraft:talked_to_villager":1,"minecraft:play_time":349899,"minecraft:deaths":45,"minecraft:jump":4678,"minecraft:walk_on_water_one_cm":41930,"minecraft:interact_with_furnace":7,"minecraft:sleep_in_bed":10,"minecraft:damage_dealt":16100,"minecraft:player_kills":8,"minecraft:crouch_one_cm":9967,"minecraft:mob_kills":94,"minecraft:interact_with_campfire":1,"minecraft:climb_one_cm":703,"minecraft:walk_one_cm":1142418,"minecraft:sneak_time":5385,"minecraft:walk_under_water_one_cm":43388,"minecraft:boat_one_cm":226528,"minecraft:interact_with_blast_furnace":1,"minecraft:total_world_time":349899,"minecraft:time_since_rest":14012,"minecraft:damage_taken":14847,"minecraft:swim_one_cm":11245,"minecraft:fly_one_cm":544989,"minecraft:open_chest":35,"minecraft:fall_one_cm":134955},"minecraft:used":{"alexsmobs:small_catfish_bucket":4,"farmersdelight:cabbage_seeds":21,"minecraft:chest":1,"minecraft:iron_sword":170,"minecraft:rotten_flesh":9,"minecraft:mutton":5,"minecraft:carrot":34,"farmersdelight:tomato":2,"farmersdelight:rotten_tomato":1,"minecraft:dark_oak_button":2,"farmersdelight:cutting_board":2,"minecraft:bow":7,"minecraft:furnace":1,"minecraft:beetroot_seeds":4,"minecraft:potato":2,"minecraft:oak_planks":22,"minecraft:stone_pickaxe":116,"minecraft:wooden_pickaxe":59,"minecraft:sand":1,"minecraft:blast_furnace":2,"biomesoplenty:dead_planks":49,"farmersdelight:rice":3,"biomesoplenty:jacaranda_planks":13,"minecraft:melon_slice":5,"minecraft:bread":5,"minecraft:gravel":3,"biomesoplenty:dried_salt":7,"minecraft:wooden_sword":94,"minecraft:andesite":4,"minecraft:bone_meal":22,"farmersdelight:salmon_slice":1,"minecraft:oak_fence":4,"minecraft:stone_sword":70,"minecraft:torch":10,"minecraft:dirt":66,"biomesoplenty:dead_boat":4,"farmersdelight:rope":2,"minecraft:iron_axe":164,"biomesoplenty:jacaranda_log":2,"farmersdelight:cooking_pot":2,"farmersdelight:tomato_seeds":18,"biomesoplenty:dead_log":5,"alexsmobs:boiled_emu_egg":2,"farmersdelight:fried_egg":2,"minecraft:golden_axe":28,"minecraft:wheat_seeds":4,"minecraft:cooked_mutton":2,"farmersdelight:iron_knife":171,"minecraft:water_bucket":11,"minecraft:rabbit":4,"minecraft:spruce_sign":2,"biomesoplenty:mahogany_log":1,"minecraft:crafting_table":3,"minecraft:white_bed":3,"minecraft:wooden_hoe":23,"minecraft:chicken":4,"minecraft:iron_pickaxe":211,"alexsmobs:kangaroo_meat":3,"minecraft:stone_axe":8,"minecraft:cobblestone":22,"minecraft:porkchop":12,"minecraft:bucket":16,"minecraft:yellow_bed":1,"alexsmobs:animal_dictionary":5,"minecraft:sea_pickle":6,"minecraft:gray_wool":1,"refurbished_furniture:oak_chair":1},"minecraft:crafted":{"minecraft:brick":2,"minecraft:oak_planks":20,"minecraft:melon_seeds":4,"farmersdelight:tomato_sauce":2,"minecraft:chest":1,"minecraft:oak_fence":3,"minecraft:wooden_shovel":2,"biomesoplenty:jacaranda_planks":24,"minecraft:crafting_table":1,"minecraft:spruce_planks":16,"farmersdelight:iron_knife":1,"minecraft:wooden_pickaxe":1,"farmersdelight:cutting_board":1,"minecraft:stick":28,"minecraft:iron_ingot":9,"minecraft:iron_pickaxe":2,"minecraft:stone_sword":1,"minecraft:wooden_sword":1,"farmersdelight:cooked_rice":1,"biomesoplenty:mahogany_planks":16,"minecraft:bone_meal":12,"minecraft:stone_pickaxe":2,"minecraft:lead":2,"minecraft:wheat":9,"biomesoplenty:dead_planks":54,"minecraft:iron_sword":1,"farmersdelight:cooking_pot":1,"minecraft:bucket":1,"minecraft:stone_axe":1,"minecraft:torch":4},"minecraft:mined":{"minecraft:white_bed":3,"refurbished_furniture:oak_chair":2,"minecraft:grass_block":15,"biomesoplenty:wilted_lily":5,"biomesoplenty:dried_salt":11,"farmersdelight:budding_tomatoes":9,"biomesoplenty:tall_lavender":7,"farmersdelight:rice":1,"minecraft:iron_ore":4,"minecraft:fire":3,"biomesoplenty:lavender":106,"minecraft:deepslate_lapis_ore":1,"biomesoplenty:hanging_cobweb":1,"biomesoplenty:webbing":10,"farmersdelight:rice_panicles":5,"biomesoplenty:jacaranda_planks":5,"biomesoplenty:wildflower":5,"biomesoplenty:hanging_cobweb_strand":1,"minecraft:clay":2,"minecraft:blast_furnace":2,"minecraft:poppy":5,"minecraft:melon":4,"minecraft:chest":1,"minecraft:dead_bush":1,"minecraft:spruce_wall_sign":2,"farmersdelight:cabbages":17,"minecraft:cobblestone":14,"minecraft:oak_planks":8,"minecraft:wall_torch":1,"farmersdelight:cutting_board":2,"minecraft:wheat":14,"minecraft:grass":300,"biomesoplenty:dead_log":19,"minecraft:oak_log":5,"minecraft:beetroots":8,"minecraft:sand":3,"minecraft:dirt":33,"minecraft:netherrack":12,"minecraft:oak_leaves":6,"minecraft:tuff":4,"farmersdelight:wild_carrots":10,"biomesoplenty:desert_grass":18,"biomesoplenty:bush":1,"farmersdelight:tomatoes":6,"minecraft:spruce_leaves":2,"biomesoplenty:jacaranda_log":8,"minecraft:carrots":18,"biomesoplenty:toadstool":1,"minecraft:andesite":6,"minecraft:peony":2,"minecraft:potatoes":2,"farmersdelight:rope":2,"minecraft:deepslate_iron_ore":7,"biomesoplenty:spider_egg":1,"minecraft:stone":321,"farmersdelight:cooking_pot":2,"biomesoplenty:orange_sand":1,"minecraft:oak_fence":1,"minecraft:crafting_table":3,"minecraft:rose_bush":3,"minecraft:campfire":1,"minecraft:tall_grass":12,"minecraft:copper_ore":3,"biomesoplenty:sprout":5,"biomesoplenty:dead_branch":2,"minecraft:cactus":2,"minecraft:sea_pickle":7,"biomesoplenty:mahogany_log":5,"minecraft:spruce_log":3,"minecraft:yellow_bed":1,"minecraft:coal_ore":2,"minecraft:dark_oak_button":1,"minecraft:gravel":12,"biomesoplenty:stringy_cobweb":1,"minecraft:cobweb":1},"minecraft:picked_up":{"minecraft:wheat":2,"biomesoplenty:dead_boat":5,"refurbished_furniture:oak_chair":3,"minecraft:lead":10,"farmersdelight:rice_panicle":4,"farmersdelight:cutting_board":1,"alexsmobs:gazelle_horn":3,"minecraft:string":16,"minecraft:raw_copper":7,"biomesoplenty:tall_lavender":6,"minecraft:beetroot":6,"minecraft:sea_pickle":12,"alexsmobs:emu_feather":2,"minecraft:cobbled_deepslate":1,"farmersdelight:cabbage":5,"minecraft:spruce_planks":1,"minecraft:rose_bush":3,"minecraft:iron_pickaxe":2,"minecraft:melon_slice":20,"farmersdelight:cabbage_seeds":26,"minecraft:furnace":1,"minecraft:stick":3,"farmersdelight:rotten_tomato":1,"minecraft:oak_fence":1,"minecraft:torch":3,"minecraft:porkchop":12,"minecraft:golden_axe":2,"alexsmobs:centipede_leg":6,"minecraft:stone_sword":2,"farmersdelight:fried_egg":10,"minecraft:cactus":3,"minecraft:rotten_flesh":28,"alexsmobs:boiled_emu_egg":2,"alexsmobs:emu_egg":2,"farmersdelight:rope":2,"minecraft:cobblestone":312,"biomesoplenty:lavender":40,"minecraft:feather":2,"farmersdelight:rice":4,"biomesoplenty:dried_salt":9,"minecraft:andesite":4,"minecraft:potato":2,"biomesoplenty:dead_log":20,"alexsmobs:bear_fur":2,"minecraft:flint":2,"minecraft:tuff":2,"minecraft:lapis_lazuli":7,"farmersdelight:tomato":32,"minecraft:dirt":86,"minecraft:name_tag":2,"minecraft:bone":7,"farmersdelight:iron_knife":2,"minecraft:bow":2,"minecraft:wheat_seeds":55,"minecraft:rabbit":5,"minecraft:oak_planks":8,"biomesoplenty:toadstool":2,"minecraft:sand":1,"minecraft:dark_oak_log":3,"alexsmobs:animal_dictionary":2,"alexsmobs:kangaroo_hide":1,"minecraft:granite":2,"minecraft:bone_meal":10,"minecraft:spruce_sign":3,"minecraft:bread":7,"alexsmobs:maggot":2,"minecraft:netherrack":12,"minecraft:charcoal":4,"minecraft:crafting_table":5,"minecraft:chicken":9,"minecraft:clay_ball":8,"minecraft:leather_leggings":1,"farmersdelight:tomato_sauce":3,"minecraft:iron_axe":1,"minecraft:wooden_sword":3,"farmersdelight:straw":27,"minecraft:poppy":5,"biomesoplenty:wildflower":4,"minecraft:sugar_cane":2,"minecraft:raw_iron":13,"artifacts:charm_of_sinking":1,"minecraft:bowl":4,"biomesoplenty:wilted_lily":10,"farmersdelight:tomato_seeds":25,"minecraft:carrot":34,"minecraft:arrow":7,"biomesoplenty:jacaranda_log":8,"minecraft:beetroot_seeds":14,"minecraft:peony":5,"minecraft:hay_block":1,"minecraft:mutton":9,"minecraft:white_wool":1,"alexsmobs:kangaroo_meat":4,"biomesoplenty:orange_sand":2,"minecraft:dark_oak_button":2,"minecraft:leather":7,"minecraft:oak_log":5,"farmersdelight:salmon_slice":1,"minecraft:yellow_bed":1,"biomesoplenty:jacaranda_planks":5,"minecraft:gunpowder":8,"minecraft:wooden_hoe":2,"minecraft:cooked_mutton":2,"farmersdelight:cooking_pot":2,"alexsmobs:cockroach_wing_fragment":3,"minecraft:rabbit_hide":7,"minecraft:iron_ingot":7,"minecraft:gravel":11,"minecraft:blast_furnace":2,"minecraft:white_bed":2,"minecraft:spruce_log":3,"farmersdelight:cabbage_leaf":4,"minecraft:spider_eye":1,"biomesoplenty:mahogany_log":5,"minecraft:lime_dye":1,"minecraft:gray_wool":1,"minecraft:black_wool":1,"minecraft:melon_seeds":4,"minecraft:coal":11},"minecraft:killed_by":{"minecraft:creeper":1,"alexsmobs:elephant":1,"alexsmobs:rhinoceros":8,"minecraft:zombie":4,"alexsmobs:grizzly_bear":2,"minecraft:husk":1,"minecraft:player":5,"minecraft:spider":1,"minecraft:enderman":1,"alexsmobs:centipede_head":2,"minecraft:skeleton":4},"minecraft:broken":{"minecraft:leather_leggings":1,"minecraft:bow":1,"minecraft:wooden_pickaxe":1,"minecraft:golden_axe":1,"minecraft:iron_pickaxe":1},"minecraft:killed":{"minecraft:cave_spider":1,"minecraft:spider":7,"minecraft:skeleton":11,"minecraft:chicken":4,"alexsmobs:centipede_head":1,"alexsmobs:kangaroo":2,"alexsmobs:triops":3,"minecraft:pig":8,"alexsmobs:grizzly_bear":1,"minecraft:creeper":3,"minecraft:sheep":3,"minecraft:zombie":16,"alexsmobs:fly":2,"minecraft:horse":5,"alexsmobs:blue_jay":1,"minecraft:husk":5,"minecraft:rabbit":5,"alexsmobs:rhinoceros":1,"alexsmobs:emu":2,"alexsmobs:catfish":1,"alexsmobs:cockroach":2,"alexsmobs:elephant":1,"alexsmobs:gazelle":5},"minecraft:dropped":{"refurbished_furniture:oak_chair":1,"farmersdelight:iron_knife":3,"minecraft:lapis_lazuli":8,"farmersdelight:cabbage_leaf":2,"minecraft:crafting_table":3,"alexsmobs:kangaroo_meat":1,"minecraft:leather":11,"sophisticatedbackpacks:gold_backpack":1,"minecraft:dirt":20,"minecraft:dark_oak_log":6,"artifacts:charm_of_sinking":2,"minecraft:wooden_sword":5,"biomesoplenty:wilted_lily":10,"minecraft:iron_pickaxe":3,"minecraft:white_wool":1,"minecraft:bone":3,"minecraft:gravel":4,"biomesoplenty:toadstool":2,"alexsmobs:centipede_leg":4,"minecraft:sugar_cane":1,"alexsmobs:animal_dictionary":3,"minecraft:cobbled_deepslate":1,"minecraft:wheat":9,"minecraft:beetroot":6,"minecraft:rotten_flesh":12,"alexsmobs:emu_egg":1,"minecraft:white_bed":1,"biomesoplenty:dead_boat":1,"alexsmobs:kangaroo_hide":1,"minecraft:poppy":5,"minecraft:rabbit_hide":5,"minecraft:gunpowder":8,"minecraft:charcoal":2,"minecraft:beetroot_seeds":9,"minecraft:melon_seeds":4,"minecraft:arrow":1,"biomesoplenty:tall_lavender":6,"biomesoplenty:dead_log":1,"farmersdelight:tomato_seeds":4,"minecraft:iron_ingot":20,"minecraft:bread":2,"minecraft:wheat_seeds":35,"biomesoplenty:lavender":3,"minecraft:feather":1,"minecraft:golden_axe":1,"minecraft:cobblestone":45,"minecraft:granite":1,"biomesoplenty:orange_sand":2,"minecraft:torch":2,"minecraft:wooden_hoe":2,"minecraft:rabbit":1,"minecraft:rose_bush":3,"minecraft:melon_slice":11,"minecraft:iron_axe":1,"minecraft:cactus":1,"minecraft:string":13,"biomesoplenty:dried_salt":2,"minecraft:stone_sword":3,"minecraft:bowl":1,"minecraft:raw_iron":2,"minecraft:chicken":1,"farmersdelight:tomato_sauce":2,"farmersdelight:straw":15,"minecraft:name_tag":1,"minecraft:hay_block":1,"minecraft:sea_pickle":3,"farmersdelight:fried_egg":8,"minecraft:peony":5,"minecraft:spider_eye":1,"minecraft:stone_pickaxe":1,"farmersdelight:tomato":2,"minecraft:black_wool":1}},"DataVersion":3465}