{"stats":{"minecraft:killed":{"minecraft:skeleton":1,"minecraft:zombie":2},"minecraft:custom":{"minecraft:time_since_rest":14467,"minecraft:sprint_one_cm":113857,"minecraft:damage_taken":630,"minecraft:walk_one_cm":107654,"minecraft:mob_kills":18,"vampirism:interact_with_totem":4,"minecraft:drop":3,"minecraft:damage_dealt":472,"minecraft:fly_one_cm":76273,"minecraft:player_kills":1,"minecraft:open_chest":3,"minecraft:crouch_one_cm":421,"minecraft:play_time":43459,"minecraft:deaths":2,"minecraft:sneak_time":349,"minecraft:jump":434,"minecraft:time_since_death":23026,"minecraft:leave_game":2,"minecraft:walk_on_water_one_cm":92,"minecraft:total_world_time":43459,"minecraft:fall_one_cm":5368},"minecraft:used":{"farmersdelight:organic_compost":4,"minecraft:rotten_flesh":1,"minecraft:dirt":13,"minecraft:beef":2,"minecraft:purple_bed":1,"minecraft:carrot":2,"alexsmobs:animal_dictionary":1,"minecraft:snowball":17},"minecraft:dropped":{"minecraft:bone":3},"minecraft:mined":{"minecraft:purple_bed":1,"minecraft:brown_mushroom":1,"farmersdelight:organic_compost":9,"minecraft:sweet_berry_bush":2,"minecraft:powder_snow":9,"minecraft:grass_block":3,"minecraft:poppy":1,"minecraft:dirt":10,"minecraft:spruce_leaves":10,"minecraft:fern":1},"minecraft:picked_up":{"minecraft:tipped_arrow":1,"minecraft:sweet_berries":5,"minecraft:leather":5,"minecraft:brown_mushroom":1,"minecraft:spruce_log":1,"minecraft:carrot":1,"minecraft:dirt":48,"farmersdelight:organic_compost":9,"minecraft:bone":8,"minecraft:arrow":4,"minecraft:purple_bed":1,"minecraft:rotten_flesh":12,"minecraft:beef":6,"minecraft:poppy":1,"minecraft:snowball":17}},"DataVersion":3465}