{"stats":{"minecraft:killed_by":{"minecraft:drowned":1,"minecraft:zombie":2,"alexsmobs:grizzly_bear":1,"minecraft:husk":1,"minecraft:player":1,"minecraft:spider":1},"minecraft:picked_up":{"minecraft:wheat":53,"biomesoplenty:dead_boat":2,"minecraft:brewing_stand":1,"minecraft:string":11,"alexsmobs:ancient_dart":2,"minecraft:raw_copper":13,"biomesoplenty:tall_lavender":3,"minecraft:cobbled_deepslate":199,"minecraft:spruce_planks":2,"minecraft:rose_bush":1,"minecraft:iron_pickaxe":1,"minecraft:melon_slice":29,"farmersdelight:cabbage_seeds":4,"minecraft:furnace":4,"minecraft:stick":17,"farmersdelight:rotten_tomato":1,"minecraft:torch":5,"minecraft:porkchop":14,"minecraft:diorite":13,"farmersdelight:fried_egg":7,"minecraft:stone_sword":1,"minecraft:rotten_flesh":47,"biomesoplenty:mahogany_sapling":3,"farmersdelight:rope":8,"minecraft:obsidian":2,"minecraft:cobblestone":296,"biomesoplenty:lavender":32,"biomesoplenty:jacaranda_sign":3,"minecraft:pink_petals":32,"minecraft:feather":10,"minecraft:cooked_beef":3,"biomesoplenty:dried_salt":35,"minecraft:andesite":17,"minecraft:potato":4,"biomesoplenty:dead_log":29,"alexsmobs:bear_fur":1,"minecraft:flint":10,"minecraft:tuff":67,"minecraft:lapis_lazuli":143,"minecraft:dirt":324,"minecraft:name_tag":2,"minecraft:bone":42,"minecraft:bow":3,"minecraft:wheat_seeds":25,"minecraft:raw_gold":23,"minecraft:rabbit":6,"minecraft:cooked_porkchop":7,"minecraft:ink_sac":3,"minecraft:dark_oak_log":8,"minecraft:mossy_cobblestone":3,"minecraft:diamond":7,"minecraft:granite":4,"minecraft:golden_apple":1,"minecraft:spruce_sign":1,"minecraft:netherrack":64,"sophisticatedbackpacks:gold_backpack":2,"minecraft:crafting_table":10,"artifacts:night_vision_goggles":1,"minecraft:chicken":3,"minecraft:leather_leggings":1,"minecraft:wooden_pickaxe":1,"farmersdelight:tomato_sauce":1,"minecraft:cooked_rabbit":2,"minecraft:red_bed":2,"biomesoplenty:jacaranda_slab":6,"minecraft:beef":7,"farmersdelight:straw":10,"minecraft:poppy":5,"biomesoplenty:wildflower":1,"minecraft:sugar_cane":166,"minecraft:chest":3,"minecraft:raw_iron":278,"artifacts:charm_of_sinking":1,"minecraft:bowl":1,"biomesoplenty:wilted_lily":2,"farmersdelight:tomato_seeds":10,"minecraft:carrot":2,"minecraft:redstone":3,"minecraft:dark_oak_planks":1,"minecraft:arrow":21,"biomesoplenty:jacaranda_log":30,"minecraft:beetroot_seeds":3,"minecraft:peony":3,"biomesoplenty:orange_sandstone":2,"artifacts:pocket_piston":1,"minecraft:mutton":4,"minecraft:purple_dye":2,"minecraft:salmon":3,"minecraft:leather":21,"minecraft:oak_log":15,"minecraft:gunpowder":2,"minecraft:cobblestone_stairs":1,"minecraft:paper":8,"alexsmobs:cockroach_wing_fragment":1,"minecraft:rabbit_hide":3,"minecraft:iron_ingot":1,"minecraft:stone_pickaxe":1,"minecraft:cooked_chicken":4,"minecraft:quartz":72,"minecraft:gravel":27,"minecraft:lava_bucket":1,"biomesoplenty:dead_planks":43,"minecraft:white_bed":2,"minecraft:spruce_log":11,"minecraft:spider_eye":2,"biomesoplenty:mahogany_log":37,"minecraft:diamond_axe":1,"minecraft:cherry_sapling":1,"minecraft:coal":110},"minecraft:mined":{"minecraft:sculk_vein":1,"minecraft:cobblestone_stairs":1,"minecraft:obsidian":2,"minecraft:granite":15,"minecraft:grass_block":163,"biomesoplenty:dried_salt":37,"biomesoplenty:wilted_lily":1,"biomesoplenty:orange_sandstone":1,"biomesoplenty:tall_lavender":1,"minecraft:sculk_catalyst":1,"minecraft:cobbled_deepslate":5,"minecraft:iron_ore":91,"minecraft:fire":22,"biomesoplenty:lavender":31,"minecraft:deepslate_lapis_ore":5,"minecraft:sculk_shrieker":1,"biomesoplenty:webbing":1,"minecraft:tripwire":4,"minecraft:red_bed":1,"biomesoplenty:wildflower":2,"minecraft:torch":3,"minecraft:poppy":1,"minecraft:melon":4,"minecraft:chest":3,"minecraft:spruce_wall_sign":1,"minecraft:nether_quartz_ore":75,"minecraft:cobblestone":41,"minecraft:sugar_cane":29,"minecraft:deepslate_copper_ore":1,"minecraft:pink_petals":13,"minecraft:seagrass":1,"minecraft:grass":19,"biomesoplenty:dead_log":30,"minecraft:oak_log":14,"minecraft:dirt":153,"minecraft:netherrack":65,"minecraft:oak_leaves":7,"minecraft:deepslate":213,"minecraft:tuff":65,"minecraft:mossy_cobblestone":3,"minecraft:deepslate_diamond_ore":7,"minecraft:dark_oak_log":7,"biomesoplenty:desert_grass":3,"minecraft:redstone_wire":1,"minecraft:spruce_leaves":3,"biomesoplenty:mahogany_sapling":1,"biomesoplenty:dead_grass":1,"minecraft:furnace":4,"minecraft:carrots":1,"minecraft:andesite":24,"minecraft:peony":2,"minecraft:potatoes":1,"minecraft:deepslate_iron_ore":42,"minecraft:vine":2,"biomesoplenty:mahogany_leaves":2,"minecraft:stone":238,"minecraft:acacia_leaves":2,"minecraft:hanging_roots":1,"minecraft:crafting_table":10,"minecraft:rose_bush":1,"minecraft:sculk_sensor":7,"minecraft:campfire":1,"minecraft:copper_ore":2,"minecraft:tall_grass":1,"minecraft:lapis_ore":6,"biomesoplenty:sprout":3,"minecraft:deepslate_gold_ore":23,"minecraft:sculk":1,"minecraft:diorite":13,"biomesoplenty:mahogany_log":39,"minecraft:spruce_log":11,"minecraft:coal_ore":73,"minecraft:gravel":20,"biomesoplenty:stringy_cobweb":2,"biomesoplenty:jacaranda_wall_sign":3},"minecraft:broken":{"minecraft:stone_pickaxe":2,"minecraft:stone_axe":1,"minecraft:stone_shovel":1,"minecraft:golden_axe":1,"minecraft:iron_pickaxe":2},"minecraft:custom":{"minecraft:interact_with_crafting_table":87,"minecraft:open_barrel":4,"minecraft:leave_game":7,"minecraft:time_since_death":200254,"minecraft:sprint_one_cm":732012,"minecraft:damage_blocked_by_shield":1300,"minecraft:drop":178,"minecraft:talked_to_villager":8,"minecraft:play_time":364372,"minecraft:deaths":9,"minecraft:jump":5533,"minecraft:interact_with_brewingstand":3,"minecraft:walk_on_water_one_cm":32007,"minecraft:interact_with_furnace":85,"minecraft:sleep_in_bed":6,"minecraft:damage_dealt":13963,"minecraft:player_kills":11,"minecraft:crouch_one_cm":22817,"minecraft:mob_kills":69,"minecraft:damage_dealt_resisted":90,"minecraft:climb_one_cm":1631,"minecraft:walk_one_cm":914726,"minecraft:sneak_time":8101,"minecraft:walk_under_water_one_cm":31432,"minecraft:boat_one_cm":218353,"minecraft:total_world_time":364372,"minecraft:time_since_rest":29303,"minecraft:damage_taken":4878,"minecraft:swim_one_cm":43592,"minecraft:fly_one_cm":1151824,"minecraft:open_chest":124,"minecraft:fall_one_cm":162606},"minecraft:dropped":{"minecraft:spruce_sign":1,"minecraft:porkchop":1,"minecraft:diamond_axe":1,"minecraft:diamond":1,"farmersdelight:rice":2,"sophisticatedbackpacks:gold_backpack":2,"minecraft:dirt":9,"minecraft:mutton":1,"farmersdelight:salmon_slice":1,"artifacts:charm_of_sinking":1,"minecraft:wooden_sword":1,"biomesoplenty:wilted_lily":2,"minecraft:iron_pickaxe":1,"minecraft:dark_oak_planks":32,"minecraft:gold_ingot":1,"minecraft:bone":30,"minecraft:gravel":12,"minecraft:stone_axe":2,"minecraft:cooked_chicken":3,"alexsmobs:animal_dictionary":1,"minecraft:wheat":1,"minecraft:beetroot":1,"minecraft:rotten_flesh":27,"minecraft:poppy":5,"minecraft:rabbit_hide":3,"biomesoplenty:wildflower":1,"minecraft:leather_leggings":1,"minecraft:arrow":1,"farmersdelight:tomato_seeds":4,"minecraft:iron_ingot":17,"minecraft:bread":29,"biomesoplenty:dead_planks":102,"minecraft:wheat_seeds":19,"minecraft:mossy_cobblestone":2,"biomesoplenty:lavender":2,"minecraft:golden_axe":1,"minecraft:feather":12,"minecraft:cobblestone":12,"minecraft:purple_dye":3,"minecraft:coal":34,"minecraft:stick":7,"minecraft:wooden_hoe":1,"minecraft:wooden_axe":1,"minecraft:rose_bush":1,"minecraft:melon_slice":7,"minecraft:rabbit":4,"minecraft:string":4,"minecraft:pink_petals":32,"minecraft:furnace":1,"biomesoplenty:dried_salt":15,"securitycraft:mine":1,"minecraft:stone_sword":1,"minecraft:raw_iron":5,"farmersdelight:cabbage_seeds":1,"alexsmobs:ancient_dart":2,"farmersdelight:straw":10,"minecraft:name_tag":1,"farmersdelight:fried_egg":6,"minecraft:peony":2,"minecraft:andesite":5,"artifacts:pocket_piston":1,"minecraft:spider_eye":2,"biomesoplenty:orange_sandstone":2,"minecraft:spruce_log":2,"minecraft:wooden_pickaxe":1,"minecraft:cooked_rabbit":3},"minecraft:killed":{"minecraft:witch":1,"minecraft:spider":3,"minecraft:skeleton":13,"minecraft:chicken":1,"artifacts:mimic":3,"minecraft:pig":5,"alexsmobs:grizzly_bear":1,"minecraft:salmon":3,"minecraft:zombie":20,"minecraft:cow":3,"minecraft:drowned":1,"minecraft:husk":2,"minecraft:rabbit":2,"minecraft:squid":1,"alexsmobs:cockroach":1,"alexsmobs:gazelle":1},"minecraft:used":{"minecraft:cherry_sapling":1,"farmersdelight:stove":3,"minecraft:chest":8,"minecraft:shield":35,"minecraft:rotten_flesh":2,"minecraft:iron_chestplate":1,"minecraft:tuff":22,"artifacts:mimic_spawn_egg":1,"minecraft:obsidian":4,"minecraft:lava_bucket":4,"minecraft:lantern":2,"farmersdelight:rotten_tomato":1,"biomesoplenty:mahogany_sapling":3,"minecraft:bow":19,"minecraft:dark_oak_boat":2,"minecraft:furnace":9,"minecraft:diorite":4,"minecraft:stone_pickaxe":254,"minecraft:wooden_pickaxe":25,"biomesoplenty:lavender":11,"minecraft:diamond_axe":230,"biomesoplenty:dead_planks":13,"minecraft:black_bed":1,"biomesoplenty:jacaranda_planks":1,"biomesoplenty:umbran_planks":1,"minecraft:bread":32,"minecraft:melon_slice":5,"biomesoplenty:dried_salt":20,"minecraft:cooked_rabbit":1,"biomesoplenty:mahogany_planks":1,"minecraft:netherite_sword":4,"minecraft:stone_shovel":307,"biomesoplenty:redwood_planks":1,"minecraft:spruce_planks":23,"minecraft:cooked_chicken":1,"minecraft:netherrack":49,"minecraft:torch":3,"minecraft:brewing_stand":1,"minecraft:dirt":261,"minecraft:granite":3,"biomesoplenty:dead_boat":3,"biomesoplenty:tall_lavender":2,"securitycraft:dirt_mine":3,"minecraft:cooked_beef":3,"minecraft:cobbled_deepslate":48,"minecraft:golden_axe":17,"farmersdelight:fried_egg":3,"mcwlights:purple_lamp":1,"minecraft:water_bucket":7,"farmersdelight:skillet":2,"minecraft:spruce_sign":3,"biomesoplenty:mahogany_log":1,"minecraft:salmon":1,"securitycraft:cobblestone_mine":1,"minecraft:crafting_table":14,"minecraft:white_bed":1,"minecraft:diamond_pickaxe":303,"minecraft:iron_pickaxe":500,"minecraft:stone_axe":142,"minecraft:cobblestone":94,"minecraft:bucket":12,"refurbished_furniture:oak_chair":3},"minecraft:crafted":{"minecraft:black_dye":1,"securitycraft:mine":3,"minecraft:oak_planks":60,"minecraft:dark_oak_boat":2,"minecraft:cooked_chicken":2,"minecraft:stone":8,"minecraft:bookshelf":7,"minecraft:bow":2,"minecraft:iron_boots":1,"minecraft:chest":5,"biomesoplenty:jacaranda_sign":3,"minecraft:cooked_rabbit":2,"biomesoplenty:jacaranda_planks":120,"minecraft:cooked_porkchop":3,"minecraft:diamond_axe":1,"minecraft:crafting_table":4,"minecraft:spruce_planks":36,"minecraft:wooden_pickaxe":2,"minecraft:iron_helmet":1,"biomesoplenty:dead_boat":1,"minecraft:iron_chestplate":1,"minecraft:book":21,"minecraft:paper":60,"minecraft:diamond_pickaxe":1,"minecraft:purple_dye":1,"minecraft:shield":1,"minecraft:stick":28,"minecraft:iron_ingot":70,"minecraft:iron_pickaxe":2,"minecraft:gold_ingot":23,"minecraft:black_bed":1,"minecraft:stone_shovel":3,"minecraft:iron_nugget":36,"biomesoplenty:mahogany_planks":136,"minecraft:furnace":6,"minecraft:lantern":2,"minecraft:stone_pickaxe":2,"minecraft:dark_oak_planks":32,"minecraft:wheat":191,"minecraft:cooked_beef":6,"biomesoplenty:dead_planks":116,"minecraft:spruce_sign":3,"minecraft:bucket":1,"securitycraft:cobblestone_mine":1,"minecraft:stone_axe":3,"minecraft:bread":66,"minecraft:air":0,"securitycraft:dirt_mine":1,"minecraft:iron_leggings":1}},"DataVersion":3465}