{"stats":{"minecraft:killed_by":{"minecraft:player":1},"minecraft:crafted":{"minecraft:spruce_planks":4},"minecraft:custom":{"minecraft:time_since_rest":2508,"minecraft:crouch_one_cm":10,"minecraft:sprint_one_cm":46749,"minecraft:play_time":31613,"minecraft:deaths":2,"minecraft:damage_taken":754,"minecraft:walk_one_cm":18638,"minecraft:sneak_time":11,"minecraft:jump":170,"minecraft:damage_dealt":20,"minecraft:leave_game":9,"minecraft:time_since_death":2385,"minecraft:total_world_time":31613,"minecraft:fall_one_cm":5157,"minecraft:fly_one_cm":34997},"minecraft:used":{"minecraft:dirt":3,"minecraft:snowball":2},"minecraft:picked_up":{"minecraft:rotten_flesh":2,"minecraft:spruce_log":1,"minecraft:snowball":2,"minecraft:dirt":3},"minecraft:mined":{"minecraft:grass_block":1,"minecraft:dirt":2,"minecraft:spruce_leaves":1}},"DataVersion":3465}